{
	"partitions" : [
		{
			"name" : "Top",
			"pins" : [
				{
					"name" : "LEDR[0]",
					"strict" : false
				},
				{
					"name" : "LEDR[1]",
					"strict" : false
				},
				{
					"name" : "LEDR[3]",
					"strict" : false
				},
				{
					"name" : "LEDR[5]",
					"strict" : false
				},
				{
					"name" : "LEDR[7]",
					"strict" : false
				},
				{
					"name" : "LEDR[9]",
					"strict" : false
				},
				{
					"name" : "ARDUINO_IO[0]",
					"strict" : false
				},
				{
					"name" : "ARDUINO_IO[1]",
					"strict" : false
				},
				{
					"name" : "ARDUINO_IO[2]",
					"strict" : false
				},
				{
					"name" : "ARDUINO_IO[3]",
					"strict" : false
				},
				{
					"name" : "ARDUINO_IO[4]",
					"strict" : false
				},
				{
					"name" : "ARDUINO_IO[5]",
					"strict" : false
				},
				{
					"name" : "ARDUINO_IO[6]",
					"strict" : false
				},
				{
					"name" : "ARDUINO_IO[7]",
					"strict" : false
				},
				{
					"name" : "ARDUINO_IO[8]",
					"strict" : false
				},
				{
					"name" : "ARDUINO_IO[9]",
					"strict" : false
				},
				{
					"name" : "ARDUINO_IO[10]",
					"strict" : false
				},
				{
					"name" : "ARDUINO_IO[11]",
					"strict" : false
				},
				{
					"name" : "ARDUINO_IO[12]",
					"strict" : false
				},
				{
					"name" : "ARDUINO_IO[13]",
					"strict" : false
				},
				{
					"name" : "ARDUINO_IO[14]",
					"strict" : false
				},
				{
					"name" : "ARDUINO_IO[15]",
					"strict" : false
				},
				{
					"name" : "KEY[0]",
					"strict" : false
				},
				{
					"name" : "MAX10_CLK2_50",
					"strict" : false
				}
			]
		}
	]
}